model_id,algorithm,training_seed,evaluation_seed,episode,score,episode_return,episode_length,terminated,truncated
dqn_1_seed42,dqn,42,10000,1,22,210.0,149,True,False
dqn_1_seed42,dqn,42,10001,2,21,200.0,176,True,False
dqn_1_seed42,dqn,42,10002,3,33,320.0,366,True,False
dqn_1_seed42,dqn,42,10003,4,36,350.0,312,True,False
dqn_1_seed42,dqn,42,10004,5,11,100.0,106,True,False
dqn_1_seed42,dqn,42,10005,6,18,170.0,146,True,False
dqn_1_seed42,dqn,42,10006,7,14,130.0,107,True,False
dqn_1_seed42,dqn,42,10007,8,20,190.0,237,True,False
dqn_1_seed42,dqn,42,10008,9,24,230.0,252,True,False
dqn_1_seed42,dqn,42,10009,10,9,80.0,63,True,False
dqn_1_seed42,dqn,42,10010,11,19,180.0,141,True,False
dqn_1_seed42,dqn,42,10011,12,16,150.0,152,True,False
dqn_1_seed42,dqn,42,10012,13,24,230.0,197,True,False
dqn_1_seed42,dqn,42,10013,14,23,220.0,165,True,False
dqn_1_seed42,dqn,42,10014,15,22,210.0,179,True,False
dqn_1_seed42,dqn,42,10015,16,20,190.0,152,True,False
dqn_1_seed42,dqn,42,10016,17,20,190.0,191,True,False
dqn_1_seed42,dqn,42,10017,18,17,160.0,182,True,False
dqn_1_seed42,dqn,42,10018,19,27,260.0,253,True,False
dqn_1_seed42,dqn,42,10019,20,17,160.0,143,True,False
dqn_1_seed42,dqn,42,10020,21,22,210.0,175,True,False
dqn_1_seed42,dqn,42,10021,22,19,180.0,165,True,False
dqn_1_seed42,dqn,42,10022,23,19,180.0,197,True,False
dqn_1_seed42,dqn,42,10023,24,18,170.0,180,True,False
dqn_1_seed42,dqn,42,10024,25,18,170.0,156,True,False
dqn_1_seed42,dqn,42,10025,26,28,270.0,241,True,False
dqn_1_seed42,dqn,42,10026,27,32,310.0,263,True,False
dqn_1_seed42,dqn,42,10027,28,12,110.0,100,True,False
dqn_1_seed42,dqn,42,10028,29,26,250.0,225,True,False
dqn_1_seed42,dqn,42,10029,30,20,190.0,150,True,False
dqn_1_seed42,dqn,42,10030,31,25,240.0,227,True,False
dqn_1_seed42,dqn,42,10031,32,11,100.0,91,True,False
dqn_1_seed42,dqn,42,10032,33,31,300.0,252,True,False
dqn_1_seed42,dqn,42,10033,34,12,110.0,91,True,False
dqn_1_seed42,dqn,42,10034,35,30,290.0,250,True,False
dqn_1_seed42,dqn,42,10035,36,14,130.0,116,True,False
dqn_1_seed42,dqn,42,10036,37,22,210.0,158,True,False
dqn_1_seed42,dqn,42,10037,38,16,150.0,139,True,False
dqn_1_seed42,dqn,42,10038,39,25,240.0,203,True,False
dqn_1_seed42,dqn,42,10039,40,15,140.0,126,True,False
dqn_1_seed42,dqn,42,10040,41,33,320.0,310,True,False
dqn_1_seed42,dqn,42,10041,42,8,70.0,68,True,False
dqn_1_seed42,dqn,42,10042,43,17,160.0,134,True,False
dqn_1_seed42,dqn,42,10043,44,10,90.0,87,True,False
dqn_1_seed42,dqn,42,10044,45,24,230.0,169,True,False
dqn_1_seed42,dqn,42,10045,46,25,240.0,244,True,False
dqn_1_seed42,dqn,42,10046,47,2,10.0,15,True,False
dqn_1_seed42,dqn,42,10047,48,15,140.0,101,True,False
dqn_1_seed42,dqn,42,10048,49,19,180.0,166,True,False
dqn_1_seed42,dqn,42,10049,50,20,190.0,135,True,False
dqn_2_seed43,dqn,43,10000,1,25,240.0,212,True,False
dqn_2_seed43,dqn,43,10001,2,17,160.0,134,True,False
dqn_2_seed43,dqn,43,10002,3,15,140.0,143,True,False
dqn_2_seed43,dqn,43,10003,4,14,130.0,93,True,False
dqn_2_seed43,dqn,43,10004,5,24,230.0,202,True,False
dqn_2_seed43,dqn,43,10005,6,16,150.0,132,True,False
dqn_2_seed43,dqn,43,10006,7,7,60.0,41,True,False
dqn_2_seed43,dqn,43,10007,8,10,90.0,86,True,False
dqn_2_seed43,dqn,43,10008,9,25,240.0,208,True,False
dqn_2_seed43,dqn,43,10009,10,19,180.0,173,True,False
dqn_2_seed43,dqn,43,10010,11,31,300.0,261,True,False
dqn_2_seed43,dqn,43,10011,12,18,170.0,139,True,False
dqn_2_seed43,dqn,43,10012,13,17,160.0,127,True,False
dqn_2_seed43,dqn,43,10013,14,17,160.0,131,True,False
dqn_2_seed43,dqn,43,10014,15,18,170.0,120,True,False
dqn_2_seed43,dqn,43,10015,16,25,240.0,151,True,False
dqn_2_seed43,dqn,43,10016,17,18,170.0,126,True,False
dqn_2_seed43,dqn,43,10017,18,24,230.0,207,True,False
dqn_2_seed43,dqn,43,10018,19,18,170.0,175,True,False
dqn_2_seed43,dqn,43,10019,20,17,160.0,162,True,False
dqn_2_seed43,dqn,43,10020,21,13,120.0,102,True,False
dqn_2_seed43,dqn,43,10021,22,20,190.0,156,True,False
dqn_2_seed43,dqn,43,10022,23,34,330.0,339,True,False
dqn_2_seed43,dqn,43,10023,24,28,270.0,290,True,False
dqn_2_seed43,dqn,43,10024,25,13,120.0,91,True,False
dqn_2_seed43,dqn,43,10025,26,21,200.0,200,True,False
dqn_2_seed43,dqn,43,10026,27,17,160.0,139,True,False
dqn_2_seed43,dqn,43,10027,28,24,230.0,193,True,False
dqn_2_seed43,dqn,43,10028,29,18,170.0,132,True,False
dqn_2_seed43,dqn,43,10029,30,7,60.0,46,True,False
dqn_2_seed43,dqn,43,10030,31,20,190.0,174,True,False
dqn_2_seed43,dqn,43,10031,32,21,200.0,218,True,False
dqn_2_seed43,dqn,43,10032,33,30,290.0,254,True,False
dqn_2_seed43,dqn,43,10033,34,20,190.0,158,True,False
dqn_2_seed43,dqn,43,10034,35,17,160.0,156,True,False
dqn_2_seed43,dqn,43,10035,36,12,110.0,99,True,False
dqn_2_seed43,dqn,43,10036,37,38,370.0,347,True,False
dqn_2_seed43,dqn,43,10037,38,23,220.0,192,True,False
dqn_2_seed43,dqn,43,10038,39,13,120.0,105,True,False
dqn_2_seed43,dqn,43,10039,40,26,250.0,242,True,False
dqn_2_seed43,dqn,43,10040,41,36,350.0,319,True,False
dqn_2_seed43,dqn,43,10041,42,16,150.0,140,True,False
dqn_2_seed43,dqn,43,10042,43,10,90.0,69,True,False
dqn_2_seed43,dqn,43,10043,44,22,210.0,202,True,False
dqn_2_seed43,dqn,43,10044,45,28,270.0,266,True,False
dqn_2_seed43,dqn,43,10045,46,10,90.0,77,True,False
dqn_2_seed43,dqn,43,10046,47,23,220.0,157,True,False
dqn_2_seed43,dqn,43,10047,48,17,160.0,118,True,False
dqn_2_seed43,dqn,43,10048,49,6,50.0,37,True,False
dqn_2_seed43,dqn,43,10049,50,21,200.0,168,True,False
dqn_3_seed44,dqn,44,10000,1,26,250.0,212,True,False
dqn_3_seed44,dqn,44,10001,2,16,150.0,135,True,False
dqn_3_seed44,dqn,44,10002,3,12,110.0,115,True,False
dqn_3_seed44,dqn,44,10003,4,17,160.0,104,True,False
dqn_3_seed44,dqn,44,10004,5,27,260.0,235,True,False
dqn_3_seed44,dqn,44,10005,6,34,330.0,303,True,False
dqn_3_seed44,dqn,44,10006,7,20,190.0,128,True,False
dqn_3_seed44,dqn,44,10007,8,21,200.0,188,True,False
dqn_3_seed44,dqn,44,10008,9,13,120.0,91,True,False
dqn_3_seed44,dqn,44,10009,10,24,230.0,211,True,False
dqn_3_seed44,dqn,44,10010,11,22,210.0,151,True,False
dqn_3_seed44,dqn,44,10011,12,19,180.0,141,True,False
dqn_3_seed44,dqn,44,10012,13,27,260.0,214,True,False
dqn_3_seed44,dqn,44,10013,14,13,120.0,90,True,False
dqn_3_seed44,dqn,44,10014,15,20,190.0,118,True,False
dqn_3_seed44,dqn,44,10015,16,15,140.0,114,True,False
dqn_3_seed44,dqn,44,10016,17,21,200.0,156,True,False
dqn_3_seed44,dqn,44,10017,18,24,230.0,205,True,False
dqn_3_seed44,dqn,44,10018,19,17,160.0,145,True,False
dqn_3_seed44,dqn,44,10019,20,33,320.0,305,True,False
dqn_3_seed44,dqn,44,10020,21,21,200.0,160,True,False
dqn_3_seed44,dqn,44,10021,22,15,140.0,94,True,False
dqn_3_seed44,dqn,44,10022,23,27,260.0,219,True,False
dqn_3_seed44,dqn,44,10023,24,13,120.0,138,True,False
dqn_3_seed44,dqn,44,10024,25,19,180.0,123,True,False
dqn_3_seed44,dqn,44,10025,26,7,60.0,60,True,False
dqn_3_seed44,dqn,44,10026,27,10,90.0,53,True,False
dqn_3_seed44,dqn,44,10027,28,29,280.0,278,True,False
dqn_3_seed44,dqn,44,10028,29,27,260.0,208,True,False
dqn_3_seed44,dqn,44,10029,30,27,260.0,200,True,False
dqn_3_seed44,dqn,44,10030,31,20,190.0,145,True,False
dqn_3_seed44,dqn,44,10031,32,21,200.0,177,True,False
dqn_3_seed44,dqn,44,10032,33,16,150.0,153,True,False
dqn_3_seed44,dqn,44,10033,34,27,260.0,190,True,False
dqn_3_seed44,dqn,44,10034,35,26,250.0,196,True,False
dqn_3_seed44,dqn,44,10035,36,23,220.0,201,True,False
dqn_3_seed44,dqn,44,10036,37,23,220.0,176,True,False
dqn_3_seed44,dqn,44,10037,38,33,320.0,287,True,False
dqn_3_seed44,dqn,44,10038,39,16,150.0,139,True,False
dqn_3_seed44,dqn,44,10039,40,9,80.0,83,True,False
dqn_3_seed44,dqn,44,10040,41,9,80.0,70,True,False
dqn_3_seed44,dqn,44,10041,42,37,360.0,342,True,False
dqn_3_seed44,dqn,44,10042,43,18,170.0,153,True,False
dqn_3_seed44,dqn,44,10043,44,12,110.0,101,True,False
dqn_3_seed44,dqn,44,10044,45,19,180.0,168,True,False
dqn_3_seed44,dqn,44,10045,46,14,130.0,129,True,False
dqn_3_seed44,dqn,44,10046,47,25,240.0,194,True,False
dqn_3_seed44,dqn,44,10047,48,33,320.0,290,True,False
dqn_3_seed44,dqn,44,10048,49,23,220.0,184,True,False
dqn_3_seed44,dqn,44,10049,50,24,230.0,188,True,False
random,random,,10000,1,0,-10.0,9,True,False
random,random,,10001,2,0,-10.0,5,True,False
random,random,,10002,3,0,-10.0,1,True,False
random,random,,10003,4,0,-10.0,5,True,False
random,random,,10004,5,0,-10.0,3,True,False
random,random,,10005,6,0,-10.0,7,True,False
random,random,,10006,7,0,-10.0,14,True,False
random,random,,10007,8,0,-10.0,3,True,False
random,random,,10008,9,1,0.0,23,True,False
random,random,,10009,10,0,-10.0,23,True,False
random,random,,10010,11,0,-10.0,56,True,False
random,random,,10011,12,0,-10.0,9,True,False
random,random,,10012,13,0,-10.0,14,True,False
random,random,,10013,14,0,-10.0,56,True,False
random,random,,10014,15,0,-10.0,28,True,False
random,random,,10015,16,1,0.0,3,True,False
random,random,,10016,17,0,-10.0,3,True,False
random,random,,10017,18,0,-10.0,1,True,False
random,random,,10018,19,0,-10.0,6,True,False
random,random,,10019,20,0,-10.0,21,True,False
random,random,,10020,21,0,-10.0,13,True,False
random,random,,10021,22,0,-10.0,4,True,False
random,random,,10022,23,0,-10.0,8,True,False
random,random,,10023,24,0,-10.0,7,True,False
random,random,,10024,25,0,-10.0,10,True,False
random,random,,10025,26,0,-10.0,25,True,False
random,random,,10026,27,0,-10.0,2,True,False
random,random,,10027,28,0,-10.0,7,True,False
random,random,,10028,29,0,-10.0,16,True,False
random,random,,10029,30,0,-10.0,5,True,False
random,random,,10030,31,0,-10.0,13,True,False
random,random,,10031,32,0,-10.0,56,True,False
random,random,,10032,33,0,-10.0,8,True,False
random,random,,10033,34,0,-10.0,3,True,False
random,random,,10034,35,0,-10.0,10,True,False
random,random,,10035,36,0,-10.0,12,True,False
random,random,,10036,37,0,-10.0,7,True,False
random,random,,10037,38,0,-10.0,5,True,False
random,random,,10038,39,0,-10.0,3,True,False
random,random,,10039,40,0,-10.0,15,True,False
random,random,,10040,41,0,-10.0,5,True,False
random,random,,10041,42,0,-10.0,16,True,False
random,random,,10042,43,0,-10.0,10,True,False
random,random,,10043,44,0,-10.0,4,True,False
random,random,,10044,45,0,-10.0,4,True,False
random,random,,10045,46,0,-10.0,12,True,False
random,random,,10046,47,0,-10.0,14,True,False
random,random,,10047,48,0,-10.0,2,True,False
random,random,,10048,49,0,-10.0,1,True,False
random,random,,10049,50,0,-10.0,6,True,False
