run_id,algorithm,seed,state_mode,reward_mode,episode,global_step,episode_return,score,episode_length,epsilon,loss,update_count,terminated,truncated,episode_complete,wall_clock_time
debug_baseline_dqn_statev1_sparse_seed42_20261010_110152_202836_edb4d0cb,dqn,42,v1,sparse,1,1,-10.0,0,1,0.9999,,0,True,False,True,0.5607197909848765
debug_baseline_dqn_statev1_sparse_seed42_20261010_110152_202836_edb4d0cb,dqn,42,v1,sparse,2,11,-10.0,0,10,0.9989005498350332,,0,True,False,True,0.5608251660014503
debug_baseline_dqn_statev1_sparse_seed42_20261010_110152_202836_edb4d0cb,dqn,42,v1,sparse,3,12,-10.0,0,1,0.9988006597800497,,0,True,False,True,0.5608497500070371
debug_baseline_dqn_statev1_sparse_seed42_20261010_110152_202836_edb4d0cb,dqn,42,v1,sparse,4,14,-10.0,0,2,0.9986009096361004,,0,True,False,True,0.5608755410066806
debug_baseline_dqn_statev1_sparse_seed42_20261010_110152_202836_edb4d0cb,dqn,42,v1,sparse,5,20,-10.0,0,6,0.9980018988604846,,0,True,False,True,0.5609186249785125
debug_baseline_dqn_statev1_sparse_seed42_20261010_110152_202836_edb4d0cb,dqn,42,v1,sparse,6,27,-10.0,0,7,0.9973035070767544,,0,True,False,True,0.5609653749852441
debug_baseline_dqn_statev1_sparse_seed42_20261010_110152_202836_edb4d0cb,dqn,42,v1,sparse,7,58,-10.0,0,31,0.9942164991863819,,0,True,False,True,0.5611159580294043
debug_baseline_dqn_statev1_sparse_seed42_20261010_110152_202836_edb4d0cb,dqn,42,v1,sparse,8,76,0.0,1,18,0.9924284298281141,,0,True,False,True,0.5612157499999739
debug_baseline_dqn_statev1_sparse_seed42_20261010_110152_202836_edb4d0cb,dqn,42,v1,sparse,9,93,0.0,1,17,0.9907426505254558,,0,True,False,True,0.5613192910095677
debug_baseline_dqn_statev1_sparse_seed42_20261010_110152_202836_edb4d0cb,dqn,42,v1,sparse,10,108,-10.0,0,15,0.9892575763787981,,0,True,False,True,0.5614020830253139
debug_baseline_dqn_statev1_sparse_seed42_20261010_110152_202836_edb4d0cb,dqn,42,v1,sparse,11,121,-10.0,0,13,0.9879723128675584,,0,True,False,True,0.5658986659836955
debug_baseline_dqn_statev1_sparse_seed42_20261010_110152_202836_edb4d0cb,dqn,42,v1,sparse,12,123,-10.0,0,2,0.987774728284708,,0,True,False,True,0.5659540829947218
debug_baseline_dqn_statev1_sparse_seed42_20261010_110152_202836_edb4d0cb,dqn,42,v1,sparse,13,159,20.0,3,36,0.9842249551967749,,0,True,False,True,0.5661691660061479
debug_baseline_dqn_statev1_sparse_seed42_20261010_110152_202836_edb4d0cb,dqn,42,v1,sparse,14,160,-10.0,0,1,0.9841265327012553,,0,True,False,True,0.566195624996908
debug_baseline_dqn_statev1_sparse_seed42_20261010_110152_202836_edb4d0cb,dqn,42,v1,sparse,15,167,-10.0,0,7,0.9834378507604954,,0,True,False,True,0.5662460000021383
debug_baseline_dqn_statev1_sparse_seed42_20261010_110152_202836_edb4d0cb,dqn,42,v1,sparse,16,174,-10.0,0,7,0.9827496507524949,,0,True,False,True,0.5662974999868311
debug_baseline_dqn_statev1_sparse_seed42_20261010_110152_202836_edb4d0cb,dqn,42,v1,sparse,17,183,-10.0,0,9,0.9818655297741534,,0,True,False,True,0.5663574159843847
debug_baseline_dqn_statev1_sparse_seed42_20261010_110152_202836_edb4d0cb,dqn,42,v1,sparse,18,234,0.0,1,51,0.9768705139349746,,0,True,False,True,0.5666379160247743
debug_baseline_dqn_statev1_sparse_seed42_20261010_110152_202836_edb4d0cb,dqn,42,v1,sparse,19,243,-10.0,0,9,0.9759916820637734,,0,True,False,True,0.5667040830012411
debug_baseline_dqn_statev1_sparse_seed42_20261010_110152_202836_edb4d0cb,dqn,42,v1,sparse,20,244,-10.0,0,1,0.975894082895567,,0,True,False,True,0.5667271250276826
debug_baseline_dqn_statev1_sparse_seed42_20261010_110152_202836_edb4d0cb,dqn,42,v1,sparse,21,269,-10.0,0,25,0.9734572731272545,,0,True,False,True,0.566920833021868
debug_baseline_dqn_statev1_sparse_seed42_20261010_110152_202836_edb4d0cb,dqn,42,v1,sparse,22,278,-10.0,0,9,0.9725815119443002,,0,True,False,True,0.5670061249984428
debug_baseline_dqn_statev1_sparse_seed42_20261010_110152_202836_edb4d0cb,dqn,42,v1,sparse,23,294,-10.0,0,16,0.971026548078535,,0,True,False,True,0.5670949160121381
debug_baseline_dqn_statev1_sparse_seed42_20261010_110152_202836_edb4d0cb,dqn,42,v1,sparse,24,310,-10.0,0,16,0.969474070289869,,0,True,False,True,0.5673180000158027
debug_baseline_dqn_statev1_sparse_seed42_20261010_110152_202836_edb4d0cb,dqn,42,v1,sparse,25,317,-10.0,0,7,0.9687956419962928,,0,True,False,True,0.5673933330108412
debug_baseline_dqn_statev1_sparse_seed42_20261010_110152_202836_edb4d0cb,dqn,42,v1,sparse,26,341,0.0,1,24,0.9664732043716606,,0,True,False,True,0.5675360829918645
debug_baseline_dqn_statev1_sparse_seed42_20261010_110152_202836_edb4d0cb,dqn,42,v1,sparse,27,349,-10.0,0,8,0.9657002963665449,,0,True,False,True,0.5675917500047944
debug_baseline_dqn_statev1_sparse_seed42_20261010_110152_202836_edb4d0cb,dqn,42,v1,sparse,28,364,-10.0,0,15,0.9642527594680443,,0,True,False,True,0.5677341250120662
debug_baseline_dqn_statev1_sparse_seed42_20261010_110152_202836_edb4d0cb,dqn,42,v1,sparse,29,368,-10.0,0,4,0.9638671162155658,,0,True,False,True,0.5677916249842383
debug_baseline_dqn_statev1_sparse_seed42_20261010_110152_202836_edb4d0cb,dqn,42,v1,sparse,30,389,-10.0,0,21,0.9618450181110908,,0,True,False,True,0.5679078330285847
debug_baseline_dqn_statev1_sparse_seed42_20261010_110152_202836_edb4d0cb,dqn,42,v1,sparse,31,420,-10.0,0,31,0.9588677668138127,,0,True,False,True,0.5681560410303064
debug_baseline_dqn_statev1_sparse_seed42_20261010_110152_202836_edb4d0cb,dqn,42,v1,sparse,32,425,-10.0,0,5,0.9583884288075943,,0,True,False,True,0.5682187079801224
debug_baseline_dqn_statev1_sparse_seed42_20261010_110152_202836_edb4d0cb,dqn,42,v1,sparse,33,427,-10.0,0,2,0.9581967607057171,,0,True,False,True,0.5682450410095043
debug_baseline_dqn_statev1_sparse_seed42_20261010_110152_202836_edb4d0cb,dqn,42,v1,sparse,34,442,0.0,1,15,0.9567604712354087,,0,True,False,True,0.568335083022248
debug_baseline_dqn_statev1_sparse_seed42_20261010_110152_202836_edb4d0cb,dqn,42,v1,sparse,35,446,-10.0,0,4,0.9563778244487159,,0,True,False,True,0.5683691250160336
debug_baseline_dqn_statev1_sparse_seed42_20261010_110152_202836_edb4d0cb,dqn,42,v1,sparse,36,452,-10.0,0,6,0.9558041411915943,,0,True,False,True,0.5684333330136724
debug_baseline_dqn_statev1_sparse_seed42_20261010_110152_202836_edb4d0cb,dqn,42,v1,sparse,37,461,-10.0,0,9,0.9549442614737373,,0,True,False,True,0.568490625009872
debug_baseline_dqn_statev1_sparse_seed42_20261010_110152_202836_edb4d0cb,dqn,42,v1,sparse,38,473,-10.0,0,12,0.953798958413141,,0,True,False,True,0.5685592080117203
debug_baseline_dqn_statev1_sparse_seed42_20261010_110152_202836_edb4d0cb,dqn,42,v1,sparse,39,483,0.0,1,10,0.9528455885498235,,0,True,False,True,0.5686462500016205
debug_baseline_dqn_statev1_sparse_seed42_20261010_110152_202836_edb4d0cb,dqn,42,v1,sparse,40,484,-10.0,0,1,0.9527503039909685,,0,True,False,True,0.568669583008159
debug_baseline_dqn_statev1_sparse_seed42_20261010_110152_202836_edb4d0cb,dqn,42,v1,sparse,41,492,-10.0,0,8,0.9519883704645137,,0,True,False,True,0.5687654159846716
debug_baseline_dqn_statev1_sparse_seed42_20261010_110152_202836_edb4d0cb,dqn,42,v1,sparse,42,493,-10.0,0,1,0.9518931716274672,,0,True,False,True,0.5687879159813747
debug_baseline_dqn_statev1_sparse_seed42_20261010_110152_202836_edb4d0cb,dqn,42,v1,sparse,43,509,-10.0,0,16,0.9503712842917823,,0,True,False,True,0.5688753750291653
debug_baseline_dqn_statev1_sparse_seed42_20261010_110152_202836_edb4d0cb,dqn,42,v1,sparse,44,520,-10.0,0,11,0.9493263984264878,,0,True,False,True,0.5689396659727208
debug_baseline_dqn_statev1_sparse_seed42_20261010_110152_202836_edb4d0cb,dqn,42,v1,sparse,45,534,0.0,1,14,0.9479982050102536,,0,True,False,True,0.5690456660231575
debug_baseline_dqn_statev1_sparse_seed42_20261010_110152_202836_edb4d0cb,dqn,42,v1,sparse,46,536,-10.0,0,2,0.9478086148492336,,0,True,False,True,0.5690713750082068
debug_baseline_dqn_statev1_sparse_seed42_20261010_110152_202836_edb4d0cb,dqn,42,v1,sparse,47,559,-10.0,0,23,0.9456310513131457,,0,True,False,True,0.5692132079857402
debug_baseline_dqn_statev1_sparse_seed42_20261010_110152_202836_edb4d0cb,dqn,42,v1,sparse,48,564,-10.0,0,5,0.9451583303411385,,0,True,False,True,0.5692560410243459
debug_baseline_dqn_statev1_sparse_seed42_20261010_110152_202836_edb4d0cb,dqn,42,v1,sparse,49,606,-10.0,0,42,0.9411967923270838,,0,True,False,True,0.5696733330260031
debug_baseline_dqn_statev1_sparse_seed42_20261010_110152_202836_edb4d0cb,dqn,42,v1,sparse,50,615,-10.0,0,9,0.940350053965786,,0,True,False,True,0.5697719160234556
debug_baseline_dqn_statev1_sparse_seed42_20261010_110152_202836_edb4d0cb,dqn,42,v1,sparse,51,616,-10.0,0,1,0.9402560189603894,,0,True,False,True,0.569837249990087
debug_baseline_dqn_statev1_sparse_seed42_20261010_110152_202836_edb4d0cb,dqn,42,v1,sparse,52,657,-10.0,0,41,0.9364086693683936,,0,True,False,True,0.5702324999729171
debug_baseline_dqn_statev1_sparse_seed42_20261010_110152_202836_edb4d0cb,dqn,42,v1,sparse,53,671,0.0,1,14,0.935098549022408,,0,True,False,True,0.5703282909817062
debug_baseline_dqn_statev1_sparse_seed42_20261010_110152_202836_edb4d0cb,dqn,42,v1,sparse,54,687,-10.0,0,16,0.9336035129387461,,0,True,False,True,0.5704219160252251
debug_baseline_dqn_statev1_sparse_seed42_20261010_110152_202836_edb4d0cb,dqn,42,v1,sparse,55,691,-10.0,0,4,0.9332301275460472,,0,True,False,True,0.570457375026308
debug_baseline_dqn_statev1_sparse_seed42_20261010_110152_202836_edb4d0cb,dqn,42,v1,sparse,56,694,-10.0,0,3,0.932950186503754,,0,True,False,True,0.570512583013624
debug_baseline_dqn_statev1_sparse_seed42_20261010_110152_202836_edb4d0cb,dqn,42,v1,sparse,57,695,-10.0,0,1,0.9328568914851036,,0,True,False,True,0.5705345409805886
debug_baseline_dqn_statev1_sparse_seed42_20261010_110152_202836_edb4d0cb,dqn,42,v1,sparse,58,723,-10.0,0,28,0.9302484153338654,,0,True,False,True,0.5707250830018893
debug_baseline_dqn_statev1_sparse_seed42_20261010_110152_202836_edb4d0cb,dqn,42,v1,sparse,59,750,-10.0,0,27,0.9277400070650574,,0,True,False,True,0.5709472500020638
debug_baseline_dqn_statev1_sparse_seed42_20261010_110152_202836_edb4d0cb,dqn,42,v1,sparse,60,756,-10.0,0,6,0.9271835022032661,,0,True,False,True,0.5710384999983944
debug_baseline_dqn_statev1_sparse_seed42_20261010_110152_202836_edb4d0cb,dqn,42,v1,sparse,61,766,-10.0,0,10,0.9262567358223963,,0,True,False,True,0.571351999999024
debug_baseline_dqn_statev1_sparse_seed42_20261010_110152_202836_edb4d0cb,dqn,42,v1,sparse,62,771,-10.0,0,5,0.9257937000708967,,0,True,False,True,0.5715962499962188
debug_baseline_dqn_statev1_sparse_seed42_20261010_110152_202836_edb4d0cb,dqn,42,v1,sparse,63,774,-10.0,0,3,0.9255159897337607,,0,True,False,True,0.5716398329823278
debug_baseline_dqn_statev1_sparse_seed42_20261010_110152_202836_edb4d0cb,dqn,42,v1,sparse,64,811,-10.0,0,37,0.9220977373230873,,0,True,False,True,0.5719572909874842
debug_baseline_dqn_statev1_sparse_seed42_20261010_110152_202836_edb4d0cb,dqn,42,v1,sparse,65,818,-10.0,0,7,0.9214524625152158,,0,True,False,True,0.5720178330084309
debug_baseline_dqn_statev1_sparse_seed42_20261010_110152_202836_edb4d0cb,dqn,42,v1,sparse,66,822,-10.0,0,4,0.9210839368136717,,0,True,False,True,0.5720826659817249
debug_baseline_dqn_statev1_sparse_seed42_20261010_110152_202836_edb4d0cb,dqn,42,v1,sparse,67,858,-10.0,0,36,0.9177738308988277,,0,True,False,True,0.5724359580199234
debug_baseline_dqn_statev1_sparse_seed42_20261010_110152_202836_edb4d0cb,dqn,42,v1,sparse,68,861,-10.0,0,3,0.9174985262818552,,0,True,False,True,0.5724938330240548
debug_baseline_dqn_statev1_sparse_seed42_20261010_110152_202836_edb4d0cb,dqn,42,v1,sparse,69,876,-10.0,0,15,0.9161232414485486,,0,True,False,True,0.5726661660009995
debug_baseline_dqn_statev1_sparse_seed42_20261010_110152_202836_edb4d0cb,dqn,42,v1,sparse,70,918,-10.0,0,42,0.9122834011487255,,0,True,False,True,0.5729784580180421
debug_baseline_dqn_statev1_sparse_seed42_20261010_110152_202836_edb4d0cb,dqn,42,v1,sparse,71,921,-10.0,0,3,0.9120097434959706,,0,True,False,True,0.5730654160142876
debug_baseline_dqn_statev1_sparse_seed42_20261010_110152_202836_edb4d0cb,dqn,42,v1,sparse,72,932,-10.0,0,11,0.9110070342330328,,0,True,False,True,0.5731706250226125
debug_baseline_dqn_statev1_sparse_seed42_20261010_110152_202836_edb4d0cb,dqn,42,v1,sparse,73,944,-10.0,0,12,0.9099144268562193,,0,True,False,True,0.5732706250273623
debug_baseline_dqn_statev1_sparse_seed42_20261010_110152_202836_edb4d0cb,dqn,42,v1,sparse,74,954,-10.0,0,10,0.9090049217816846,,0,True,False,True,0.573374291008804
debug_baseline_dqn_statev1_sparse_seed42_20261010_110152_202836_edb4d0cb,dqn,42,v1,sparse,75,957,-10.0,0,3,0.9087322475743888,,0,True,False,True,0.573430291027762
debug_baseline_dqn_statev1_sparse_seed42_20261010_110152_202836_edb4d0cb,dqn,42,v1,sparse,76,982,-10.0,0,25,0.9064631410632606,,0,True,False,True,0.5736319579882547
debug_baseline_dqn_statev1_sparse_seed42_20261010_110152_202836_edb4d0cb,dqn,42,v1,sparse,77,995,10.0,2,13,0.9052854457619449,,0,True,False,True,0.573773332987912
debug_baseline_dqn_statev1_sparse_seed42_20261010_110152_202836_edb4d0cb,dqn,42,v1,sparse,78,1014,-10.0,0,19,0.9035669505762389,0.8119151035944621,15,True,False,True,0.6133718750206754
debug_baseline_dqn_statev1_sparse_seed42_20261010_110152_202836_edb4d0cb,dqn,42,v1,sparse,79,1017,-10.0,0,3,0.903295907597171,0.7838194767634074,18,True,False,True,0.6145328750135377
debug_baseline_dqn_statev1_sparse_seed42_20261010_110152_202836_edb4d0cb,dqn,42,v1,sparse,80,1035,-10.0,0,18,0.9016713562694217,0.805126835902532,36,True,False,True,0.6215760000050068
debug_baseline_dqn_statev1_sparse_seed42_20261010_110152_202836_edb4d0cb,dqn,42,v1,sparse,81,1045,-10.0,0,10,0.9007700905570811,0.7338176354765892,46,True,False,True,0.6256615829770453
debug_baseline_dqn_statev1_sparse_seed42_20261010_110152_202836_edb4d0cb,dqn,42,v1,sparse,82,1053,-10.0,0,8,0.9000497266498242,0.7325643859803677,54,True,False,True,0.6287445410271175
debug_baseline_dqn_statev1_sparse_seed42_20261010_110152_202836_edb4d0cb,dqn,42,v1,sparse,83,1060,-10.0,0,7,0.8994198808201134,0.6835744168077197,61,True,False,True,0.6313458330114372
debug_baseline_dqn_statev1_sparse_seed42_20261010_110152_202836_edb4d0cb,dqn,42,v1,sparse,84,1069,-10.0,0,9,0.8986107266429926,0.7614317999945747,70,True,False,True,0.634709624981042
debug_baseline_dqn_statev1_sparse_seed42_20261010_110152_202836_edb4d0cb,dqn,42,v1,sparse,85,1103,0.0,1,34,0.8955604860054617,0.6639421700554735,104,True,False,True,0.6483630000147969
debug_baseline_dqn_statev1_sparse_seed42_20261010_110152_202836_edb4d0cb,dqn,42,v1,sparse,86,1127,-10.0,0,24,0.893413610774327,0.30119579813132685,128,True,False,True,0.657418749993667
debug_baseline_dqn_statev1_sparse_seed42_20261010_110152_202836_edb4d0cb,dqn,42,v1,sparse,87,1130,-10.0,0,3,0.8931456134926097,0.19352586567401886,131,True,False,True,0.6588607499725185
debug_baseline_dqn_statev1_sparse_seed42_20261010_110152_202836_edb4d0cb,dqn,42,v1,sparse,88,1158,-10.0,0,28,0.8906481789411322,0.19466109254530498,159,True,False,True,0.6694295830093324
debug_baseline_dqn_statev1_sparse_seed42_20261010_110152_202836_edb4d0cb,dqn,42,v1,sparse,89,1185,-10.0,0,27,0.8882465524295161,0.1365658391818956,186,True,False,True,0.6793272910290398
debug_baseline_dqn_statev1_sparse_seed42_20261010_110152_202836_edb4d0cb,dqn,42,v1,sparse,90,1212,-10.0,0,27,0.8858514018867927,0.13716655264229136,213,True,False,True,0.6892873750184663
debug_baseline_dqn_statev1_sparse_seed42_20261010_110152_202836_edb4d0cb,dqn,42,v1,sparse,91,1219,-10.0,0,7,0.8852314919032646,0.08879590333838548,220,True,False,True,0.6919291249942034
debug_baseline_dqn_statev1_sparse_seed42_20261010_110152_202836_edb4d0cb,dqn,42,v1,sparse,92,1234,0.0,1,15,0.8839045737558167,0.13004428196387988,235,True,False,True,0.6975017500226386
debug_baseline_dqn_statev1_sparse_seed42_20261010_110152_202836_edb4d0cb,dqn,42,v1,sparse,93,1235,-10.0,0,1,0.8838161832984411,0.1496046483516693,236,True,False,True,0.697898916027043
debug_baseline_dqn_statev1_sparse_seed42_20261010_110152_202836_edb4d0cb,dqn,42,v1,sparse,94,1263,-10.0,0,28,0.8813448359168053,0.09855404805525073,264,True,False,True,0.7082208329811692
debug_baseline_dqn_statev1_sparse_seed42_20261010_110152_202836_edb4d0cb,dqn,42,v1,sparse,95,1275,-10.0,0,12,0.8802878036074449,0.14799835657080015,276,True,False,True,0.7130611250177026
debug_baseline_dqn_statev1_sparse_seed42_20261010_110152_202836_edb4d0cb,dqn,42,v1,sparse,96,1286,-10.0,0,11,0.8793199710365504,0.08545972804792902,287,True,False,True,0.7171419999795035
debug_baseline_dqn_statev1_sparse_seed42_20261010_110152_202836_edb4d0cb,dqn,42,v1,sparse,97,1293,-10.0,0,7,0.8787046316832456,0.11151938040607742,294,True,False,True,0.7198601249838248
debug_baseline_dqn_statev1_sparse_seed42_20261010_110152_202836_edb4d0cb,dqn,42,v1,sparse,98,1315,-10.0,0,22,0.8767735099486794,0.09061377303971146,316,True,False,True,0.7282740829978138
debug_baseline_dqn_statev1_sparse_seed42_20261010_110152_202836_edb4d0cb,dqn,42,v1,sparse,99,1319,-10.0,0,4,0.8764228531476036,0.18782571703195572,320,True,False,True,0.7297932499786839
debug_baseline_dqn_statev1_sparse_seed42_20261010_110152_202836_edb4d0cb,dqn,42,v1,sparse,100,1323,-10.0,0,4,0.8760723365882102,0.14914547046646476,324,True,False,True,0.7312806249829009
