model_id,algorithm,training_seed,evaluation_seed,episode,score,episode_return,episode_length,terminated,truncated
dqn_1_seed42,dqn,42,10000,1,22,210.0,150,True,False
dqn_1_seed42,dqn,42,10001,2,17,160.0,147,True,False
dqn_1_seed42,dqn,42,10002,3,19,180.0,183,True,False
dqn_1_seed42,dqn,42,10003,4,24,230.0,209,True,False
dqn_1_seed42,dqn,42,10004,5,16,150.0,110,True,False
dqn_1_seed42,dqn,42,10005,6,17,160.0,136,True,False
dqn_1_seed42,dqn,42,10006,7,14,130.0,110,True,False
dqn_1_seed42,dqn,42,10007,8,18,170.0,170,True,False
dqn_1_seed42,dqn,42,10008,9,26,250.0,241,True,False
dqn_1_seed42,dqn,42,10009,10,18,170.0,153,True,False
dqn_1_seed42,dqn,42,10010,11,23,220.0,215,True,False
dqn_1_seed42,dqn,42,10011,12,18,170.0,149,True,False
dqn_1_seed42,dqn,42,10012,13,32,310.0,288,True,False
dqn_1_seed42,dqn,42,10013,14,14,130.0,79,True,False
dqn_1_seed42,dqn,42,10014,15,11,100.0,73,True,False
dqn_1_seed42,dqn,42,10015,16,10,90.0,59,True,False
dqn_1_seed42,dqn,42,10016,17,16,150.0,104,True,False
dqn_1_seed42,dqn,42,10017,18,23,220.0,202,True,False
dqn_1_seed42,dqn,42,10018,19,23,220.0,213,True,False
dqn_1_seed42,dqn,42,10019,20,13,120.0,86,True,False
dqn_2_seed43,dqn,43,10000,1,21,200.0,193,True,False
dqn_2_seed43,dqn,43,10001,2,19,180.0,202,True,False
dqn_2_seed43,dqn,43,10002,3,17,160.0,129,True,False
dqn_2_seed43,dqn,43,10003,4,10,90.0,101,True,False
dqn_2_seed43,dqn,43,10004,5,16,150.0,134,True,False
dqn_2_seed43,dqn,43,10005,6,14,130.0,104,True,False
dqn_2_seed43,dqn,43,10006,7,7,60.0,39,True,False
dqn_2_seed43,dqn,43,10007,8,16,150.0,146,True,False
dqn_2_seed43,dqn,43,10008,9,17,160.0,143,True,False
dqn_2_seed43,dqn,43,10009,10,22,210.0,219,True,False
dqn_2_seed43,dqn,43,10010,11,9,80.0,77,True,False
dqn_2_seed43,dqn,43,10011,12,14,130.0,118,True,False
dqn_2_seed43,dqn,43,10012,13,19,180.0,148,True,False
dqn_2_seed43,dqn,43,10013,14,8,70.0,41,True,False
dqn_2_seed43,dqn,43,10014,15,10,90.0,71,True,False
dqn_2_seed43,dqn,43,10015,16,12,110.0,96,True,False
dqn_2_seed43,dqn,43,10016,17,20,190.0,143,True,False
dqn_2_seed43,dqn,43,10017,18,15,140.0,141,True,False
dqn_2_seed43,dqn,43,10018,19,18,170.0,211,True,False
dqn_2_seed43,dqn,43,10019,20,14,130.0,116,True,False
dqn_3_seed44,dqn,44,10000,1,15,140.0,128,True,False
dqn_3_seed44,dqn,44,10001,2,22,210.0,230,True,False
dqn_3_seed44,dqn,44,10002,3,15,140.0,143,True,False
dqn_3_seed44,dqn,44,10003,4,20,190.0,148,True,False
dqn_3_seed44,dqn,44,10004,5,32,310.0,277,True,False
dqn_3_seed44,dqn,44,10005,6,19,180.0,174,True,False
dqn_3_seed44,dqn,44,10006,7,22,210.0,188,True,False
dqn_3_seed44,dqn,44,10007,8,24,230.0,224,True,False
dqn_3_seed44,dqn,44,10008,9,31,300.0,294,True,False
dqn_3_seed44,dqn,44,10009,10,27,260.0,252,True,False
dqn_3_seed44,dqn,44,10010,11,20,190.0,189,True,False
dqn_3_seed44,dqn,44,10011,12,18,170.0,165,True,False
dqn_3_seed44,dqn,44,10012,13,18,170.0,172,True,False
dqn_3_seed44,dqn,44,10013,14,23,220.0,197,True,False
dqn_3_seed44,dqn,44,10014,15,18,170.0,127,True,False
dqn_3_seed44,dqn,44,10015,16,24,230.0,175,True,False
dqn_3_seed44,dqn,44,10016,17,24,230.0,206,True,False
dqn_3_seed44,dqn,44,10017,18,17,160.0,134,True,False
dqn_3_seed44,dqn,44,10018,19,12,110.0,120,True,False
dqn_3_seed44,dqn,44,10019,20,19,180.0,222,True,False
double_dqn_4_seed42,double_dqn,42,10000,1,19,180.0,155,True,False
double_dqn_4_seed42,double_dqn,42,10001,2,23,220.0,204,True,False
double_dqn_4_seed42,double_dqn,42,10002,3,24,230.0,205,True,False
double_dqn_4_seed42,double_dqn,42,10003,4,15,140.0,113,True,False
double_dqn_4_seed42,double_dqn,42,10004,5,25,240.0,225,True,False
double_dqn_4_seed42,double_dqn,42,10005,6,14,130.0,104,True,False
double_dqn_4_seed42,double_dqn,42,10006,7,27,260.0,267,True,False
double_dqn_4_seed42,double_dqn,42,10007,8,11,100.0,101,True,False
double_dqn_4_seed42,double_dqn,42,10008,9,26,250.0,208,True,False
double_dqn_4_seed42,double_dqn,42,10009,10,21,200.0,201,True,False
double_dqn_4_seed42,double_dqn,42,10010,11,18,170.0,140,True,False
double_dqn_4_seed42,double_dqn,42,10011,12,19,180.0,151,True,False
double_dqn_4_seed42,double_dqn,42,10012,13,18,170.0,164,True,False
double_dqn_4_seed42,double_dqn,42,10013,14,22,210.0,172,True,False
double_dqn_4_seed42,double_dqn,42,10014,15,22,210.0,155,True,False
double_dqn_4_seed42,double_dqn,42,10015,16,34,330.0,302,True,False
double_dqn_4_seed42,double_dqn,42,10016,17,19,180.0,137,True,False
double_dqn_4_seed42,double_dqn,42,10017,18,19,180.0,188,True,False
double_dqn_4_seed42,double_dqn,42,10018,19,20,190.0,221,True,False
double_dqn_4_seed42,double_dqn,42,10019,20,27,260.0,224,True,False
double_dqn_5_seed43,double_dqn,43,10000,1,16,150.0,123,True,False
double_dqn_5_seed43,double_dqn,43,10001,2,27,260.0,289,True,False
double_dqn_5_seed43,double_dqn,43,10002,3,27,260.0,241,True,False
double_dqn_5_seed43,double_dqn,43,10003,4,11,100.0,71,True,False
double_dqn_5_seed43,double_dqn,43,10004,5,25,240.0,216,True,False
double_dqn_5_seed43,double_dqn,43,10005,6,16,150.0,124,True,False
double_dqn_5_seed43,double_dqn,43,10006,7,15,140.0,113,True,False
double_dqn_5_seed43,double_dqn,43,10007,8,23,220.0,235,True,False
double_dqn_5_seed43,double_dqn,43,10008,9,20,190.0,177,True,False
double_dqn_5_seed43,double_dqn,43,10009,10,19,180.0,164,True,False
double_dqn_5_seed43,double_dqn,43,10010,11,35,340.0,301,True,False
double_dqn_5_seed43,double_dqn,43,10011,12,19,180.0,159,True,False
double_dqn_5_seed43,double_dqn,43,10012,13,18,170.0,163,True,False
double_dqn_5_seed43,double_dqn,43,10013,14,8,70.0,42,True,False
double_dqn_5_seed43,double_dqn,43,10014,15,31,300.0,215,True,False
double_dqn_5_seed43,double_dqn,43,10015,16,28,270.0,199,True,False
double_dqn_5_seed43,double_dqn,43,10016,17,21,200.0,154,True,False
double_dqn_5_seed43,double_dqn,43,10017,18,23,220.0,217,True,False
double_dqn_5_seed43,double_dqn,43,10018,19,20,190.0,215,True,False
double_dqn_5_seed43,double_dqn,43,10019,20,13,120.0,88,True,False
double_dqn_6_seed44,double_dqn,44,10000,1,22,210.0,182,True,False
double_dqn_6_seed44,double_dqn,44,10001,2,19,180.0,152,True,False
double_dqn_6_seed44,double_dqn,44,10002,3,21,200.0,181,True,False
double_dqn_6_seed44,double_dqn,44,10003,4,21,200.0,142,True,False
double_dqn_6_seed44,double_dqn,44,10004,5,22,210.0,153,True,False
double_dqn_6_seed44,double_dqn,44,10005,6,21,200.0,169,True,False
double_dqn_6_seed44,double_dqn,44,10006,7,19,180.0,147,True,False
double_dqn_6_seed44,double_dqn,44,10007,8,33,320.0,351,True,False
double_dqn_6_seed44,double_dqn,44,10008,9,24,230.0,231,True,False
double_dqn_6_seed44,double_dqn,44,10009,10,12,110.0,91,True,False
double_dqn_6_seed44,double_dqn,44,10010,11,22,210.0,143,True,False
double_dqn_6_seed44,double_dqn,44,10011,12,10,90.0,83,True,False
double_dqn_6_seed44,double_dqn,44,10012,13,14,130.0,124,True,False
double_dqn_6_seed44,double_dqn,44,10013,14,14,130.0,95,True,False
double_dqn_6_seed44,double_dqn,44,10014,15,20,190.0,153,True,False
double_dqn_6_seed44,double_dqn,44,10015,16,17,160.0,97,True,False
double_dqn_6_seed44,double_dqn,44,10016,17,18,170.0,130,True,False
double_dqn_6_seed44,double_dqn,44,10017,18,15,140.0,127,True,False
double_dqn_6_seed44,double_dqn,44,10018,19,23,220.0,198,True,False
double_dqn_6_seed44,double_dqn,44,10019,20,18,170.0,132,True,False
dueling_dqn_7_seed42,dueling_dqn,42,10000,1,25,240.0,198,True,False
dueling_dqn_7_seed42,dueling_dqn,42,10001,2,25,240.0,248,True,False
dueling_dqn_7_seed42,dueling_dqn,42,10002,3,22,210.0,228,True,False
dueling_dqn_7_seed42,dueling_dqn,42,10003,4,15,140.0,121,True,False
dueling_dqn_7_seed42,dueling_dqn,42,10004,5,21,200.0,154,True,False
dueling_dqn_7_seed42,dueling_dqn,42,10005,6,14,130.0,134,True,False
dueling_dqn_7_seed42,dueling_dqn,42,10006,7,21,200.0,155,True,False
dueling_dqn_7_seed42,dueling_dqn,42,10007,8,24,230.0,233,True,False
dueling_dqn_7_seed42,dueling_dqn,42,10008,9,25,240.0,254,True,False
dueling_dqn_7_seed42,dueling_dqn,42,10009,10,24,230.0,197,True,False
dueling_dqn_7_seed42,dueling_dqn,42,10010,11,12,110.0,100,True,False
dueling_dqn_7_seed42,dueling_dqn,42,10011,12,16,150.0,148,True,False
dueling_dqn_7_seed42,dueling_dqn,42,10012,13,20,190.0,146,True,False
dueling_dqn_7_seed42,dueling_dqn,42,10013,14,29,280.0,235,True,False
dueling_dqn_7_seed42,dueling_dqn,42,10014,15,13,120.0,80,True,False
dueling_dqn_7_seed42,dueling_dqn,42,10015,16,10,90.0,59,True,False
dueling_dqn_7_seed42,dueling_dqn,42,10016,17,17,160.0,118,True,False
dueling_dqn_7_seed42,dueling_dqn,42,10017,18,15,140.0,122,True,False
dueling_dqn_7_seed42,dueling_dqn,42,10018,19,13,120.0,121,True,False
dueling_dqn_7_seed42,dueling_dqn,42,10019,20,20,190.0,179,True,False
dueling_dqn_8_seed43,dueling_dqn,43,10000,1,16,150.0,116,True,False
dueling_dqn_8_seed43,dueling_dqn,43,10001,2,23,220.0,191,True,False
dueling_dqn_8_seed43,dueling_dqn,43,10002,3,18,170.0,166,True,False
dueling_dqn_8_seed43,dueling_dqn,43,10003,4,43,420.0,383,True,False
dueling_dqn_8_seed43,dueling_dqn,43,10004,5,29,280.0,260,True,False
dueling_dqn_8_seed43,dueling_dqn,43,10005,6,14,130.0,100,True,False
dueling_dqn_8_seed43,dueling_dqn,43,10006,7,28,270.0,261,True,False
dueling_dqn_8_seed43,dueling_dqn,43,10007,8,33,320.0,333,True,False
dueling_dqn_8_seed43,dueling_dqn,43,10008,9,26,250.0,245,True,False
dueling_dqn_8_seed43,dueling_dqn,43,10009,10,14,130.0,115,True,False
dueling_dqn_8_seed43,dueling_dqn,43,10010,11,14,130.0,126,True,False
dueling_dqn_8_seed43,dueling_dqn,43,10011,12,19,180.0,165,True,False
dueling_dqn_8_seed43,dueling_dqn,43,10012,13,11,100.0,82,True,False
dueling_dqn_8_seed43,dueling_dqn,43,10013,14,17,160.0,130,True,False
dueling_dqn_8_seed43,dueling_dqn,43,10014,15,22,210.0,165,True,False
dueling_dqn_8_seed43,dueling_dqn,43,10015,16,10,90.0,57,True,False
dueling_dqn_8_seed43,dueling_dqn,43,10016,17,18,170.0,126,True,False
dueling_dqn_8_seed43,dueling_dqn,43,10017,18,42,410.0,390,True,False
dueling_dqn_8_seed43,dueling_dqn,43,10018,19,18,170.0,155,True,False
dueling_dqn_8_seed43,dueling_dqn,43,10019,20,13,120.0,94,True,False
dueling_dqn_9_seed44,dueling_dqn,44,10000,1,27,260.0,242,True,False
dueling_dqn_9_seed44,dueling_dqn,44,10001,2,17,160.0,158,True,False
dueling_dqn_9_seed44,dueling_dqn,44,10002,3,13,120.0,118,True,False
dueling_dqn_9_seed44,dueling_dqn,44,10003,4,16,150.0,112,True,False
dueling_dqn_9_seed44,dueling_dqn,44,10004,5,19,180.0,146,True,False
dueling_dqn_9_seed44,dueling_dqn,44,10005,6,10,90.0,92,True,False
dueling_dqn_9_seed44,dueling_dqn,44,10006,7,8,70.0,49,True,False
dueling_dqn_9_seed44,dueling_dqn,44,10007,8,21,200.0,232,True,False
dueling_dqn_9_seed44,dueling_dqn,44,10008,9,15,140.0,129,True,False
dueling_dqn_9_seed44,dueling_dqn,44,10009,10,19,180.0,159,True,False
dueling_dqn_9_seed44,dueling_dqn,44,10010,11,18,170.0,135,True,False
dueling_dqn_9_seed44,dueling_dqn,44,10011,12,20,190.0,184,True,False
dueling_dqn_9_seed44,dueling_dqn,44,10012,13,23,220.0,222,True,False
dueling_dqn_9_seed44,dueling_dqn,44,10013,14,13,120.0,88,True,False
dueling_dqn_9_seed44,dueling_dqn,44,10014,15,30,290.0,215,True,False
dueling_dqn_9_seed44,dueling_dqn,44,10015,16,25,240.0,196,True,False
dueling_dqn_9_seed44,dueling_dqn,44,10016,17,25,240.0,257,True,False
dueling_dqn_9_seed44,dueling_dqn,44,10017,18,11,100.0,104,True,False
dueling_dqn_9_seed44,dueling_dqn,44,10018,19,27,260.0,280,True,False
dueling_dqn_9_seed44,dueling_dqn,44,10019,20,13,120.0,88,True,False
random,random,,10000,1,0,-10.0,9,True,False
random,random,,10001,2,0,-10.0,5,True,False
random,random,,10002,3,0,-10.0,1,True,False
random,random,,10003,4,0,-10.0,5,True,False
random,random,,10004,5,0,-10.0,3,True,False
random,random,,10005,6,0,-10.0,7,True,False
random,random,,10006,7,0,-10.0,14,True,False
random,random,,10007,8,0,-10.0,3,True,False
random,random,,10008,9,1,0.0,23,True,False
random,random,,10009,10,0,-10.0,23,True,False
random,random,,10010,11,0,-10.0,56,True,False
random,random,,10011,12,0,-10.0,9,True,False
random,random,,10012,13,0,-10.0,14,True,False
random,random,,10013,14,0,-10.0,56,True,False
random,random,,10014,15,0,-10.0,28,True,False
random,random,,10015,16,1,0.0,3,True,False
random,random,,10016,17,0,-10.0,3,True,False
random,random,,10017,18,0,-10.0,1,True,False
random,random,,10018,19,0,-10.0,6,True,False
random,random,,10019,20,0,-10.0,21,True,False
